Id,Prediction
11703,2.39
11704,4.75
11705,0.2
11706,8.47
11707,2.95
11708,4.87
11709,4.12
11710,6.84
11711,6.7
11712,5.71
11713,5.82
11714,4.66
11715,8.5
11716,4.81
11717,5.53
11718,6.55
11719,6.36
11720,6.32
11721,5.53
11722,9.65
11723,3.87
11724,3.88
11725,2.77
11726,7.39
11727,1.3
11728,4.61
11729,3.38
11730,4.66
11731,3.9
11732,4.0
11733,5.74
11734,3.27
11735,3.0
11736,2.57
11737,4.06
11738,7.46
11739,8.12
11740,2.03
11741,6.54
11742,4.76
11743,5.88
11744,6.28
11745,3.78
11746,2.17
11747,2.06
11748,1.77
11749,2.9
11750,0.99
11751,3.36
11752,5.87
11753,3.03
11754,4.42
11755,3.1
11756,1.28
11757,2.58
11758,5.55
11759,7.11
11760,2.83
11761,4.39
11762,4.06
11763,3.43
11764,5.22
11765,7.73
11766,7.34
11767,3.28
11768,1.87
11769,5.68
11770,6.41
11771,4.75
11772,7.83
11773,6.23
11774,3.46
11775,6.95
11776,5.51
11777,4.01
11778,4.53
11779,2.61
11780,4.78
11781,7.2
11782,3.01
11783,7.02
11784,8.52
11785,6.37
11786,4.78
11787,5.91
11788,8.76
11789,5.34
11790,2.23
11791,2.8
11792,2.95
11793,6.06
11794,8.83
11795,3.73
11796,6.35
11797,5.2
11798,8.77
11799,7.11
11800,7.25
11801,6.58
11802,4.43
11803,2.23
11804,7.42
11805,4.46
11806,0.97
11807,3.66
11808,3.82
11809,2.15
11810,2.66
11811,7.44
11812,1.72
11813,8.48
11814,4.74
11815,3.13
11816,4.47
11817,3.61
11818,4.12
11819,4.28
11820,4.2
11821,3.49
11822,5.02
11823,6.33
11824,6.2
11825,9.28
11826,-0.45
11827,5.08
11828,9.3
11829,3.48
11830,2.92
11831,4.45
11832,7.06
11833,6.3
11834,3.94
11835,1.66
11836,3.35
11837,3.96
11838,6.27
11839,1.9
11840,1.07
11841,2.8
11842,4.08
11843,3.57
11844,7.22
11845,6.16
11846,6.3
11847,5.7
11848,3.88
11849,2.33
11850,6.79
11851,4.33
11852,2.85
11853,6.48
11854,8.64
11855,5.25
11856,3.46
11857,6.47
11858,7.49
11859,4.79
11860,6.75
11861,5.13
11862,7.67
11863,2.45
11864,3.25
11865,7.66
11866,4.63
11867,4.84
11868,5.72
11869,1.12
11870,8.49
11871,4.93
11872,5.58
11873,8.97
11874,10.06
11875,2.61
11876,5.25
11877,8.29
11878,5.02
11879,9.33
11880,0.99
11881,5.01
11882,2.39
11883,1.39
11884,5.99
11885,4.76
11886,4.55
11887,6.59
11888,6.72
11889,7.41
11890,8.67
11891,1.31
11892,4.39
11893,2.1
11894,7.53
11895,3.73
11896,1.31
11897,5.35
11898,5.12
11899,6.9
11900,5.13
11901,5.92
11902,2.87
11903,1.45
11904,5.38
11905,1.31
11906,6.19
11907,3.2
11908,1.23
11909,5.74
11910,7.36
11911,3.99
11912,3.19
11913,3.91
11914,4.27
11915,7.03
11916,5.94
11917,3.08
11918,6.73
11919,6.67
11920,4.19
11921,9.42
11922,6.58
11923,7.85
11924,5.72
11925,4.47
11926,3.51
11927,2.4
11928,4.7
11929,6.06
11930,3.85
11931,8.15
11932,3.13
11933,2.22
11934,6.6
11935,3.96
11936,4.26
11937,1.62
11938,-0.88
11939,4.5
11940,7.86
11941,1.76
11942,7.48
11943,7.09
11944,4.17
11945,4.95
11946,4.3
11947,7.43
11948,5.66
11949,3.62
11950,3.42
11951,8.05
11952,5.11
11953,5.14
11954,6.38
11955,6.0
11956,4.27
11957,3.41
11958,5.83
11959,6.24
11960,3.3
11961,6.13
11962,4.9
11963,1.84
11964,2.15
11965,2.92
11966,4.51
11967,1.2
11968,2.19
11969,5.13
11970,4.19
11971,4.66
11972,4.98
11973,4.56
11974,6.4
11975,7.11
11976,2.68
11977,6.84
11978,7.4
11979,4.0
11980,2.79
11981,2.39
11982,0.93
11983,3.35
11984,6.23
11985,7.4
11986,7.38
11987,4.36
11988,4.87
11989,5.66
11990,7.96
11991,2.89
11992,7.1
11993,4.47
11994,4.71
11995,4.61
11996,3.01
11997,4.99
11998,5.22
11999,1.57
12000,4.68
12001,4.85
12002,4.84
12003,2.89
12004,5.45
12005,3.99
12006,6.65
12007,3.68
12008,6.75
12009,5.43
12010,8.05
12011,3.56
12012,1.9
12013,4.28
12014,4.84
12015,6.07
12016,5.46
12017,3.09
12018,2.92
12019,4.08
12020,3.09
12021,3.62
12022,4.28
12023,7.45
12024,8.66
12025,4.59
12026,6.09
12027,4.66
12028,4.53
12029,4.25
12030,6.08
12031,3.87
12032,5.81
12033,4.77
12034,3.64
12035,3.47
12036,7.46
12037,5.56
12038,6.04
12039,4.53
12040,3.94
12041,4.4
12042,6.26
12043,4.14
12044,6.52
12045,-0.76
12046,4.67
12047,6.48
12048,5.15
12049,5.28
12050,6.67
12051,3.49
12052,3.74
12053,2.42
12054,5.66
12055,4.82
12056,6.09
12057,3.43
12058,2.9
12059,7.24
12060,5.37
12061,3.65
12062,5.91
12063,2.71
12064,6.08
12065,4.2
12066,7.47
12067,4.55
12068,0.96
12069,3.44
12070,5.95
12071,5.59
12072,5.78
12073,5.04
12074,2.51
12075,-1.05
12076,2.82
12077,7.17
12078,8.96
12079,6.79
12080,7.84
12081,4.59
12082,3.2
12083,6.38
12084,2.49
12085,9.54
12086,5.16
12087,6.26
12088,7.75
12089,5.76
12090,3.34
12091,5.05
12092,2.28
12093,5.78
12094,2.8
12095,7.19
12096,8.1
12097,7.61
12098,2.39
12099,5.45
12100,8.21
12101,4.51
12102,5.64
12103,7.18
12104,1.6
12105,5.67
12106,7.56
12107,4.75
12108,3.94
12109,2.63
12110,3.62
12111,5.25
12112,5.69
12113,7.29
12114,2.79
12115,4.84
12116,3.29
12117,4.13
12118,8.4
12119,6.71
12120,5.56
12121,8.96
12122,4.73
12123,5.84
12124,2.55
12125,5.11
12126,10.17
12127,7.62
12128,5.65
12129,2.82
12130,3.94
12131,3.55
12132,7.41
12133,8.23
12134,9.22
12135,5.73
12136,5.7
12137,10.03
12138,2.26
12139,0.1
12140,4.0
12141,3.68
12142,7.94
12143,5.68
12144,3.39
12145,6.38
12146,4.39
12147,5.79
12148,4.41
12149,6.21
12150,2.48
12151,5.27
12152,4.47
12153,4.92
12154,6.3
12155,5.08
12156,4.55
12157,6.69
12158,5.63
12159,6.21
12160,4.85
12161,5.74
12162,6.86
12163,5.99
12164,3.37
12165,8.38
12166,5.6
12167,0.45
12168,3.93
12169,5.43
12170,2.17
12171,3.22
12172,5.4
12173,6.87
12174,2.99
12175,4.91
12176,8.03
12177,2.48
12178,4.62
12179,4.1
12180,3.82
12181,4.67
12182,3.94
12183,4.91
12184,3.3
12185,6.34
12186,6.64
12187,4.52
12188,5.51
12189,2.62
12190,8.29
12191,5.55
12192,4.51
12193,1.45
12194,5.64
12195,6.45
12196,5.37
12197,6.91
12198,4.35
12199,3.81
12200,0.64
12201,7.4
12202,4.61
12203,7.39
12204,3.99
12205,3.17
12206,0.89
12207,4.94
12208,4.43
12209,8.46
12210,3.53
12211,4.93
12212,1.83
12213,3.69
12214,9.72
12215,6.63
12216,7.0
12217,4.27
12218,6.49
12219,4.63
12220,5.77
12221,7.48
12222,7.91
12223,3.5
12224,5.82
12225,3.52
12226,1.2
12227,3.65
12228,0.53
12229,5.66
12230,3.46
12231,4.71
12232,5.33
12233,4.82
12234,9.85
12235,3.42
12236,5.69
12237,3.34
12238,0.55
12239,6.25
12240,4.86
12241,7.63
12242,3.87
12243,8.24
12244,1.92
12245,6.41
12246,5.45
12247,3.02
12248,0.64
12249,4.69
12250,6.42
12251,4.55
12252,6.49
12253,7.77
12254,6.78
12255,4.65
12256,4.6
12257,9.18
12258,6.49
12259,2.42
12260,8.1
12261,6.73
12262,4.99
12263,3.93
12264,2.73
12265,4.92
12266,3.09
12267,2.1
12268,4.89
12269,8.31
12270,4.26
12271,0.92
12272,5.91
12273,7.69
12274,9.46
12275,6.28
12276,3.09
12277,5.59
12278,7.85
12279,4.41
12280,5.66
12281,6.18
12282,3.16
12283,5.37
12284,7.02
12285,6.27
12286,6.36
12287,5.9
12288,4.01
12289,4.71
12290,4.73
12291,5.38
12292,4.15
12293,4.2
12294,7.28
12295,7.33
12296,3.93
12297,7.15
12298,4.18
12299,7.89
12300,3.93
12301,3.47
12302,-0.08
12303,4.66
12304,10.6
12305,2.2
12306,3.32
12307,4.3
12308,5.35
12309,6.21
12310,8.36
12311,5.21
12312,9.06
12313,6.07
12314,3.26
12315,5.12
12316,4.05
12317,3.17
12318,0.98
12319,3.77
12320,3.69
12321,6.31
12322,5.96
12323,5.19
12324,5.48
12325,3.86
12326,4.72
12327,7.23
12328,5.78
12329,8.73
12330,4.03
12331,4.21
12332,4.69
12333,2.22
12334,1.47
12335,8.25
12336,7.36
12337,3.91
12338,5.47
12339,7.02
12340,5.32
12341,6.59
12342,3.6
12343,6.49
12344,4.89
12345,3.46
12346,5.48
12347,4.55
12348,5.01
12349,5.1
12350,1.68
12351,3.69
12352,7.94
12353,6.48
12354,7.64
12355,6.48
12356,7.94
12357,7.74
12358,3.94
12359,3.85
12360,6.97
12361,3.28
12362,8.15
12363,6.56
12364,6.5
12365,0.89
12366,4.84
12367,5.25
12368,1.73
12369,5.17
12370,8.3
12371,4.92
12372,2.93
12373,9.59
12374,3.36
12375,2.76
12376,2.81
12377,1.74
12378,5.83
12379,4.51
12380,4.61
12381,2.68
12382,6.23
12383,1.13
12384,2.03
12385,5.19
12386,3.47
12387,5.77
12388,5.2
12389,4.48
12390,4.75
12391,3.75
12392,4.8
12393,3.72
12394,4.62
12395,4.93
12396,1.86
12397,4.02
12398,6.77
12399,7.21
12400,3.8
12401,4.09
12402,5.83
12403,5.9
12404,6.39
12405,6.43
12406,4.66
12407,5.25
12408,4.2
12409,9.08
12410,-1.26
12411,4.93
12412,4.76
12413,1.56
12414,2.04
12415,7.84
12416,6.09
12417,2.91
12418,4.57
12419,7.34
12420,5.35
12421,6.21
12422,4.96
12423,5.47
12424,3.05
12425,5.6
12426,2.47
12427,2.21
12428,2.34
12429,2.46
12430,7.44
12431,4.26
12432,6.04
12433,3.87
12434,2.07
12435,5.34
12436,6.72
12437,4.32
12438,5.68
12439,5.82
12440,5.17
12441,6.54
12442,3.86
12443,8.34
12444,3.66
12445,5.56
12446,5.9
12447,1.44
12448,3.89
12449,9.95
12450,4.38
12451,4.95
12452,3.25
12453,3.59
12454,5.14
12455,6.38
12456,3.13
12457,4.93
12458,3.03
12459,6.39
12460,6.13
12461,6.57
12462,4.36
12463,3.76
12464,8.05
12465,5.68
12466,5.06
12467,4.29
12468,4.83
12469,6.06
12470,4.96
12471,7.93
12472,2.84
12473,9.95
12474,6.41
12475,6.21
12476,3.19
12477,1.71
12478,2.75
12479,4.45
12480,7.21
12481,5.09
12482,5.34
12483,9.48
12484,8.68
12485,4.11
12486,4.57
12487,3.84
12488,2.04
12489,6.82
12490,8.34
12491,9.14
12492,5.96
12493,4.7
12494,4.82
12495,3.09
12496,7.72
12497,2.41
12498,3.62
12499,9.7
12500,2.67
12501,3.5
12502,7.75
12503,3.25
12504,1.46
12505,4.37
12506,5.26
12507,6.47
12508,6.64
12509,4.51
12510,2.26
12511,9.17
12512,5.49
12513,7.36
12514,5.17
12515,10.66
12516,4.3
12517,4.37
12518,4.47
12519,4.22
12520,4.79
12521,1.93
12522,8.26
12523,3.48
12524,3.15
12525,5.54
12526,7.51
12527,7.12
12528,4.06
12529,4.16
12530,4.8
12531,3.44
12532,3.89
12533,5.58
12534,1.93
12535,0.65
12536,1.14
12537,1.21
12538,2.97
12539,7.28
12540,4.39
12541,-1.94
12542,3.32
12543,3.57
12544,7.67
12545,2.99
12546,5.42
12547,5.66
12548,3.31
12549,4.68
12550,5.89
12551,2.37
12552,5.55
12553,1.6
12554,6.89
12555,8.39
12556,6.96
12557,6.27
12558,6.57
12559,4.79
12560,9.2
12561,9.16
12562,6.08
12563,3.84
12564,1.49
12565,6.73
12566,5.28
12567,4.07
12568,4.62
12569,6.61
12570,5.95
12571,1.67
12572,6.54
12573,8.1
12574,6.89
12575,4.62
12576,6.26
12577,2.21
12578,4.87
12579,5.05
12580,3.87
12581,6.99
12582,3.79
12583,5.99
12584,3.13
12585,7.47
12586,6.24
12587,-0.13
12588,5.1
12589,3.22
12590,3.95
12591,5.24
12592,2.83
12593,4.64
12594,6.56
12595,6.19
12596,6.39
12597,0.49
12598,7.49
12599,6.05
12600,2.91
12601,4.3
12602,6.47
12603,5.67
12604,2.75
12605,2.44
12606,0.76
12607,6.19
12608,2.13
12609,7.03
12610,2.75
12611,7.12
12612,3.18
12613,2.52
12614,5.97
12615,5.15
12616,8.37
12617,5.37
12618,1.41
12619,5.22
12620,6.28
12621,3.27
12622,3.77
12623,3.94
12624,7.32
12625,5.5
12626,5.22
12627,4.63
12628,10.61
12629,4.65
12630,5.18
12631,5.59
12632,3.11
12633,3.09
12634,3.82
12635,4.86
12636,5.88
12637,2.62
12638,6.84
12639,4.08
12640,5.44
12641,9.46
12642,2.08
12643,6.29
12644,1.39
12645,-0.37
12646,3.09
12647,5.1
12648,4.91
12649,4.4
12650,6.07
12651,7.58
12652,3.07
12653,3.85
12654,5.18
12655,9.05
12656,6.26
12657,4.28
12658,3.29
12659,6.71
12660,2.52
12661,4.53
12662,3.37
12663,7.94
12664,3.75
12665,4.68
12666,4.99
12667,2.13
12668,8.31
12669,4.35
12670,6.95
12671,3.86
12672,2.63
12673,3.48
12674,3.21
12675,8.82
12676,5.06
12677,6.79
12678,1.5
12679,8.1
12680,5.13
12681,6.96
12682,8.52
12683,6.6
12684,5.65
12685,6.85
12686,4.26
12687,6.77
12688,8.12
12689,4.28
12690,2.19
12691,6.31
12692,7.28
12693,4.0
12694,3.13
12695,2.35
12696,6.91
12697,8.35
12698,5.67
12699,3.75
12700,2.9
12701,6.25
12702,8.57
12703,5.1
12704,3.98
12705,5.46
12706,2.41
12707,1.19
12708,8.93
12709,8.29
12710,3.1
12711,2.14
12712,8.56
12713,3.97
12714,5.03
12715,4.22
12716,7.43
12717,2.21
12718,3.24
12719,7.91
12720,6.72
12721,8.28
12722,7.09
12723,5.16
12724,6.49
12725,6.64
12726,5.47
12727,6.42
12728,8.38
12729,3.71
12730,1.92
12731,7.31
12732,6.76
12733,0.05
12734,5.1
12735,5.06
12736,6.8
12737,5.38
12738,3.68
12739,6.22
12740,5.84
12741,5.61
12742,6.52
12743,5.77
12744,5.54
12745,4.64
12746,5.8
12747,5.89
12748,6.96
12749,4.58
12750,5.36
12751,9.37
12752,3.96
12753,3.25
12754,0.59
12755,5.32
12756,5.83
12757,2.37
12758,4.21
12759,3.4
12760,3.89
12761,6.47
12762,5.16
12763,6.58
12764,4.21
12765,6.02
12766,7.06
12767,8.71
12768,5.08
12769,5.42
12770,3.93
12771,0.29
12772,4.41
12773,1.42
12774,8.91
12775,4.27
12776,0.51
12777,7.53
12778,8.69
12779,3.92
12780,4.38
12781,9.25
12782,4.15
12783,5.63
12784,5.97
12785,4.38
12786,5.53
12787,2.03
12788,4.97
12789,6.6
12790,5.15
12791,0.13
12792,7.41
12793,8.6
12794,6.45
12795,5.01
12796,0.91
12797,6.29
12798,7.42
12799,4.76
12800,4.16
12801,8.11
12802,6.65
12803,5.16
12804,3.85
12805,4.76
12806,3.12
12807,5.95
12808,6.49
12809,6.96
12810,3.56
12811,4.28
12812,3.63
12813,3.64
12814,5.15
12815,-0.25
12816,3.82
12817,5.66
12818,7.88
12819,6.24
12820,7.63
12821,0.49
12822,5.72
12823,5.37
12824,7.23
12825,5.83
12826,2.48
12827,9.26
12828,4.58
12829,6.54
12830,4.01
12831,2.8
12832,5.52
12833,3.4
12834,2.94
12835,9.54
12836,3.38
12837,2.25
12838,6.08
12839,2.63
12840,5.78
12841,7.13
12842,9.56
12843,4.7
12844,5.64
12845,5.3
12846,6.99
12847,2.89
12848,5.18
12849,8.11
12850,5.4
12851,4.38
12852,7.58
12853,5.71
12854,5.77
12855,7.32
12856,-0.26
12857,6.2
12858,4.97
12859,2.44
12860,3.51
12861,4.29
12862,8.41
12863,5.29
12864,7.14
12865,3.46
12866,5.36
12867,2.53
12868,5.7
12869,6.41
12870,5.16
12871,3.69
12872,7.41
12873,8.18
12874,4.04
12875,5.24
12876,5.23
12877,5.36
12878,10.49
12879,3.41
12880,5.87
12881,8.26
12882,2.51
12883,4.99
12884,6.25
12885,4.75
12886,5.9
12887,3.51
12888,2.59
12889,8.38
12890,5.57
12891,4.32
12892,3.35
12893,5.68
12894,8.19
12895,0.88
12896,3.24
12897,3.82
12898,5.82
12899,6.29
12900,9.04
12901,5.55
12902,4.45
12903,6.09
12904,3.15
12905,2.9
12906,5.04
12907,5.19
12908,5.62
12909,5.59
12910,4.56
12911,7.27
12912,4.41
12913,8.23
12914,5.87
12915,7.13
12916,4.78
12917,6.54
12918,5.69
12919,5.39
12920,3.5
12921,4.72
12922,5.24
12923,3.3
12924,3.0
12925,4.3
12926,4.85
12927,5.22
12928,5.73
12929,4.55
12930,4.61
12931,6.61
12932,5.79
12933,6.18
12934,4.44
12935,5.34
12936,3.87
12937,5.03
12938,4.5
12939,3.22
12940,3.69
12941,6.22
12942,4.54
12943,7.7
12944,7.74
12945,3.43
12946,5.34
12947,4.69
12948,6.47
12949,2.7
12950,7.58
12951,5.68
12952,7.28
12953,5.07
12954,0.96
12955,5.09
12956,4.57
12957,4.88
12958,2.38
12959,4.69
12960,4.99
12961,6.91
12962,5.88
12963,3.01
12964,7.46
12965,10.01
12966,2.76
12967,4.52
12968,2.96
12969,7.72
12970,3.24
12971,7.43
12972,3.72
12973,3.57
12974,5.88
12975,4.24
12976,2.23
12977,4.31
12978,5.79
12979,2.5
12980,6.14
12981,4.83
12982,3.73
12983,6.6
12984,5.27
12985,6.73
12986,5.93
12987,5.04
12988,5.68
12989,3.79
12990,3.3
12991,0.6
12992,4.92
12993,6.09
12994,8.1
12995,8.88
12996,5.97
12997,5.63
12998,7.78
12999,6.96
13000,5.47
13001,5.04
13002,8.82
13003,9.79
13004,0.58
13005,3.72
13006,8.15
13007,4.07
13008,5.86
13009,2.85
13010,6.94
13011,2.92
13012,6.02
13013,6.45
13014,3.84
13015,5.04
13016,3.2
13017,4.65
13018,3.69
13019,2.61
13020,2.7
13021,2.77
13022,8.1
13023,2.06
13024,5.58
13025,4.8
13026,5.71
13027,6.14
13028,3.9
13029,2.32
13030,3.02
13031,6.24
13032,7.43
13033,5.92
13034,6.93
13035,7.14
13036,4.64
13037,-1.28
13038,4.2
13039,7.07
13040,4.98
13041,7.55
13042,4.23
13043,4.0
13044,7.34
13045,7.3
13046,4.68
13047,3.33
13048,6.72
13049,3.11
13050,8.01
13051,7.54
13052,7.18
13053,6.3
13054,3.69
13055,7.55
13056,0.41
13057,3.66
13058,5.02
13059,6.3
13060,4.83
13061,3.58
13062,3.25
13063,4.34
13064,8.36
13065,3.49
13066,4.55
13067,3.46
13068,3.9
13069,6.78
13070,7.18
13071,5.01
13072,5.02
13073,4.73
13074,4.81
13075,6.54
13076,3.06
13077,7.33
13078,6.07
13079,5.84
13080,6.14
13081,2.66
13082,5.09
13083,7.6
13084,5.13
13085,6.23
13086,5.38
13087,6.03
13088,2.22
13089,0.77
13090,6.8
13091,4.62
13092,6.72
13093,5.94
13094,3.56
13095,0.49
13096,5.29
13097,7.51
13098,2.51
13099,2.99
13100,4.65
13101,3.89
13102,8.23
13103,2.17
13104,5.85
13105,1.78
13106,6.05
13107,4.12
13108,6.03
13109,8.14
13110,5.41
13111,9.08
13112,8.38
13113,-0.46
13114,3.75
13115,4.77
13116,5.28
13117,4.74
13118,7.19
13119,3.41
13120,4.76
13121,0.85
13122,4.72
13123,5.99
13124,3.5
13125,6.85
13126,3.71
13127,3.02
13128,3.17
13129,3.34
13130,5.52
13131,5.63
13132,4.85
13133,5.43
13134,7.41
13135,7.51
13136,7.21
13137,5.75
13138,3.59
13139,3.68
13140,3.06
13141,4.59
13142,9.8
13143,1.53
13144,2.24
13145,6.14
13146,5.32
13147,2.0
13148,0.78
13149,8.28
13150,2.85
13151,5.45
13152,5.83
13153,2.79
13154,6.63
13155,3.35
13156,5.71
13157,4.62
13158,2.88
13159,-3.6
13160,7.02
13161,4.47
13162,4.5
13163,1.8
13164,7.87
13165,6.5
13166,4.06
13167,3.86
13168,4.51
13169,4.05
13170,5.23
13171,4.54
13172,2.25
13173,5.13
13174,3.44
13175,6.44
13176,4.28
13177,3.29
13178,4.57
13179,7.29
13180,7.2
13181,8.28
13182,7.78
13183,5.39
13184,2.08
13185,6.43
13186,7.91
13187,7.71
13188,3.26
13189,7.75
13190,4.6
13191,5.26
13192,4.23
13193,8.0
13194,4.51
13195,2.6
13196,6.46
13197,4.11
13198,6.19
13199,7.52
13200,4.43
13201,5.72
13202,4.56
13203,3.75
13204,5.05
13205,10.35
13206,3.97
13207,2.26
13208,4.73
13209,1.5
13210,4.25
13211,7.5
13212,4.97
13213,1.48
13214,5.95
13215,6.66
13216,6.18
13217,5.62
13218,4.25
13219,2.04
13220,6.59
13221,2.93
13222,5.27
13223,5.06
13224,6.06
13225,3.16
13226,5.66
13227,3.74
13228,5.9
13229,3.41
13230,1.78
13231,5.74
13232,1.91
13233,2.65
13234,3.61
13235,6.47
13236,3.68
13237,5.91
13238,8.73
13239,0.09
13240,4.39
13241,5.38
13242,6.06
13243,3.61
13244,0.41
13245,1.58
13246,4.68
13247,10.5
13248,5.19
13249,5.86
13250,4.51
13251,5.57
13252,4.63
13253,5.9
13254,6.48
13255,4.89
13256,6.12
13257,2.75
13258,1.11
13259,8.91
13260,9.25
13261,5.16
13262,2.15
13263,-1.31
13264,3.76
13265,6.64
13266,6.21
13267,3.27
13268,8.05
13269,5.17
13270,4.59
13271,4.15
13272,7.71
13273,6.17
13274,3.19
13275,3.19
13276,9.42
13277,3.98
13278,4.15
13279,8.68
13280,5.52
13281,5.19
13282,6.98
13283,3.46
13284,4.98
13285,1.62
13286,7.21
13287,6.71
13288,5.12
13289,8.37
13290,6.98
13291,5.31
13292,8.83
13293,6.99
13294,5.94
13295,5.42
13296,3.04
13297,9.53
13298,6.3
13299,5.98
13300,5.62
13301,8.04
13302,6.31
13303,5.49
13304,7.52
13305,1.08
13306,5.54
13307,4.06
13308,7.26
13309,7.59
13310,0.19
13311,4.39
13312,6.06
13313,5.59
13314,6.82
13315,1.95
13316,-0.08
13317,11.72
13318,6.65
13319,5.87
13320,2.36
13321,3.61
13322,0.83
13323,3.33
13324,6.97
13325,3.04
13326,3.12
13327,8.39
13328,8.73
13329,8.88
13330,2.32
13331,5.48
13332,6.31
13333,1.48
13334,3.16
13335,4.63
13336,7.26
13337,2.2
13338,5.7
13339,7.07
13340,0.34
13341,4.59
13342,4.53
13343,2.27
13344,4.54
13345,8.09
13346,4.71
13347,5.07
13348,5.81
13349,5.55
13350,9.78
13351,5.92
13352,5.1
13353,3.59
13354,1.24
13355,7.4
13356,4.77
13357,4.84
13358,5.46
13359,3.89
13360,7.77
13361,6.79
13362,5.27
13363,1.46
13364,2.15
13365,9.07
13366,3.36
13367,8.35
13368,5.65
13369,4.03
13370,7.21
13371,4.08
13372,8.1
13373,3.69
13374,3.83
13375,7.09
13376,6.4
13377,6.29
13378,3.68
13379,4.9
13380,3.49
13381,4.11
13382,7.83
13383,3.89
13384,5.55
13385,5.88
13386,2.84
13387,5.72
13388,0.93
13389,5.78
13390,5.19
13391,8.51
13392,2.81
13393,4.85
13394,5.94
13395,1.78
13396,4.88
13397,6.98
13398,4.12
13399,7.86
13400,3.61
13401,3.23
13402,4.52
13403,4.94
13404,4.26
13405,6.95
13406,2.55
13407,2.08
13408,4.26
13409,3.35
13410,5.01
13411,3.93
13412,5.76
13413,5.24
13414,4.54
13415,4.07
13416,4.75
13417,6.69
13418,4.66
13419,3.32
13420,4.06
13421,6.42
13422,6.25
13423,6.42
13424,4.14
13425,5.5
13426,4.69
13427,6.21
13428,3.13
13429,2.28
13430,4.31
13431,4.18
13432,7.47
13433,7.95
13434,2.93
13435,6.83
13436,5.33
13437,7.63
13438,4.12
13439,4.92
13440,5.43
13441,5.19
13442,2.57
13443,3.5
13444,2.5
13445,6.02
13446,2.09
13447,10.23
13448,7.03
13449,6.74
13450,6.94
13451,8.03
13452,4.78
13453,2.18
13454,4.11
13455,2.33
13456,6.69
13457,4.33
13458,5.87
13459,5.6
13460,5.43
13461,5.18
13462,4.53
13463,4.77
13464,3.98
13465,5.89
13466,2.62
13467,4.55
13468,5.46
13469,0.87
13470,6.51
13471,3.77
13472,7.2
13473,7.13
13474,2.52
13475,4.92
13476,5.06
13477,2.69
13478,6.54
13479,2.65
13480,5.23
13481,5.52
13482,3.88
13483,1.02
13484,3.46
13485,3.69
13486,6.18
13487,3.39
13488,4.78
13489,6.43
13490,8.06
13491,4.25
13492,2.8
13493,5.69
13494,7.5
13495,6.63
13496,8.02
13497,3.43
13498,4.04
13499,5.22
13500,6.93
13501,2.95
13502,-0.06
13503,7.52
13504,2.76
13505,1.52
13506,4.07
13507,7.11
13508,3.41
13509,5.69
13510,2.66
13511,-0.13
13512,4.4
13513,3.38
13514,3.31
13515,0.85
13516,5.94
13517,4.88
13518,8.23
13519,6.07
13520,4.07
13521,5.22
13522,5.21
13523,4.65
13524,4.25
13525,6.47
13526,4.68
13527,4.56
13528,4.94
13529,5.05
13530,8.49
13531,5.29
13532,3.15
13533,8.24
13534,2.48
13535,3.7
13536,4.4
13537,3.01
13538,5.12
13539,6.86
13540,7.68
13541,2.94
13542,3.56
13543,5.03
13544,1.95
13545,4.38
13546,4.33
13547,6.72
13548,0.96
13549,5.3
13550,4.89
13551,3.99
13552,4.23
13553,2.88
13554,2.76
13555,9.22
13556,9.72
13557,6.03
13558,5.05
13559,2.84
13560,3.94
13561,4.49
13562,4.19
13563,4.74
13564,7.56
13565,3.79
13566,9.97
13567,4.71
13568,1.75
13569,5.06
13570,3.96
13571,8.4
13572,3.76
13573,4.4
13574,6.18
13575,6.56
13576,3.22
13577,2.39
13578,7.33
13579,2.82
13580,6.54
13581,3.08
13582,5.99
13583,6.44
13584,6.97
13585,5.04
13586,3.56
13587,2.58
13588,3.75
13589,4.58
13590,4.91
13591,2.15
13592,7.58
13593,2.69
13594,6.11
13595,5.33
13596,2.76
13597,5.62
13598,7.45
13599,6.31
13600,4.34
13601,2.42
13602,2.8
13603,5.21
13604,3.44
13605,2.91
13606,5.31
13607,3.76
13608,4.98
13609,0.13
13610,6.0
13611,6.35
13612,5.18
13613,5.53
13614,7.16
13615,8.22
13616,5.34
13617,5.08
13618,3.5
13619,6.19
13620,6.02
13621,2.71
13622,5.59
13623,5.2
13624,7.09
13625,6.95
13626,3.93
13627,7.42
13628,8.08
13629,3.95
13630,3.8
13631,2.0
13632,4.21
13633,6.29
13634,7.86
13635,4.75
13636,3.81
13637,4.3
13638,1.75
13639,5.87
13640,2.31
13641,5.92
13642,5.28
13643,3.2
13644,3.78
13645,0.95
13646,8.56
13647,2.03
13648,5.28
13649,6.89
13650,5.06
13651,4.91
13652,7.01
13653,0.73
13654,4.87
13655,5.62
13656,4.64
13657,3.3
13658,6.61
13659,4.79
13660,7.49
13661,6.01
13662,5.29
13663,7.04
13664,4.99
13665,5.24
13666,6.52
13667,2.72
13668,5.07
13669,3.83
13670,6.9
13671,6.19
13672,1.07
13673,2.1
13674,7.04
13675,5.5
13676,8.05
13677,3.0
13678,5.09
13679,5.0
13680,4.91
13681,1.43
13682,3.44
13683,5.63
13684,6.13
13685,5.55
13686,6.51
13687,2.12
13688,3.7
13689,3.21
13690,8.42
13691,5.35
13692,4.55
13693,4.59
13694,9.77
13695,8.0
13696,6.11
13697,6.73
13698,3.76
13699,5.07
13700,5.57
13701,5.1
13702,7.98
13703,7.15
13704,3.72
13705,5.94
13706,1.87
13707,4.66
13708,2.17
13709,5.08
13710,5.47
13711,5.63
13712,6.18
13713,5.85
13714,7.88
13715,1.17
13716,7.84
13717,4.28
13718,5.46
13719,3.76
13720,4.34
13721,1.62
13722,4.97
13723,4.7
13724,0.81
13725,6.9
13726,6.95
13727,4.84
13728,10.3
13729,3.43
13730,4.65
13731,3.35
13732,4.52
13733,9.47
13734,5.02
13735,3.68
13736,8.72
13737,5.15
13738,5.17
13739,5.38
13740,6.14
13741,5.5
13742,4.44
13743,5.26
13744,7.04
13745,8.95
13746,7.52
13747,6.34
13748,4.76
13749,2.94
13750,4.93
13751,4.28
13752,3.65
13753,4.74
13754,5.66
13755,4.9
13756,7.18
13757,4.2
13758,5.42
13759,7.77
13760,4.17
13761,6.14
13762,6.1
13763,7.87
13764,4.35
13765,6.87
13766,4.43
13767,6.93
13768,5.42
13769,3.28
13770,0.83
13771,3.41
13772,4.97
13773,7.78
13774,3.44
13775,4.93
13776,5.52
13777,4.73
13778,8.65
13779,6.82
13780,6.83
13781,6.72
13782,6.23
13783,4.58
13784,4.31
13785,5.07
13786,3.03
13787,4.25
13788,3.03
13789,6.56
13790,1.54
13791,4.91
13792,6.04
13793,6.43
13794,2.74
13795,6.58
13796,3.11
13797,5.8
13798,0.95
13799,3.08
13800,6.37
13801,1.92
13802,2.31
13803,5.57
13804,5.87
13805,8.02
13806,4.47
13807,5.74
13808,4.1
13809,5.67
13810,7.04
13811,4.98
13812,3.16
13813,7.33
13814,4.74
13815,3.8
13816,7.87
13817,5.47
13818,3.86
13819,5.87
13820,6.25
13821,7.09
13822,4.75
13823,7.0
13824,8.75
13825,2.84
13826,5.05
13827,5.08
13828,4.77
13829,4.3
13830,7.75
13831,4.9
13832,6.15
13833,6.06
13834,1.01
13835,7.18
13836,4.84
13837,4.84
13838,5.77
13839,4.43
13840,6.25
13841,4.0
13842,6.12
13843,4.43
13844,7.47
13845,5.74
13846,3.62
13847,1.94
13848,2.39
13849,1.6
13850,3.59
13851,2.03
13852,3.46
13853,4.46
13854,4.6
13855,3.03
13856,7.15
13857,6.98
13858,6.13
13859,5.82
13860,7.54
13861,3.76
13862,0.66
13863,6.4
13864,4.57
13865,4.47
13866,4.84
13867,8.66
13868,8.77
13869,7.64
13870,2.07
13871,4.67
13872,5.9
13873,2.84
13874,4.69
13875,4.69
13876,9.45
13877,3.41
13878,6.92
13879,5.06
13880,3.62
13881,3.96
13882,6.41
13883,4.97
13884,3.37
13885,5.57
13886,5.5
13887,6.5
13888,5.78
13889,6.37
13890,5.87
13891,7.77
13892,7.75
13893,2.93
13894,7.59
13895,4.77
13896,5.47
13897,5.59
13898,2.79
13899,2.6
13900,4.76
13901,7.39
13902,9.36
13903,4.27
13904,3.21
13905,5.28
13906,4.22
13907,4.15
13908,6.51
13909,8.64
13910,-0.87
13911,4.5
13912,3.84
13913,3.13
13914,3.55
13915,2.55
13916,6.62
13917,4.3
13918,1.4
13919,4.91
13920,5.79
13921,4.06
13922,6.19
13923,0.55
13924,3.25
13925,6.22
13926,8.02
13927,3.9
13928,5.08
13929,8.51
13930,6.78
13931,2.71
13932,6.27
13933,7.39
13934,6.55
13935,4.14
13936,5.1
13937,6.01
13938,4.27
13939,2.8
13940,5.24
13941,5.49
13942,1.83
13943,3.65
13944,7.27
13945,2.0
13946,7.17
13947,6.3
13948,4.09
13949,4.81
13950,8.85
13951,1.75
13952,4.59
13953,2.45
13954,3.44
13955,3.03
13956,7.34
13957,8.74
13958,7.52
13959,6.24
13960,8.48
13961,6.9
13962,4.25
13963,4.43
13964,5.83
13965,9.23
13966,2.51
13967,5.26
13968,6.0
13969,4.03
13970,7.67
13971,5.36
13972,4.03
13973,8.0
13974,1.58
13975,4.94
13976,11.53
13977,5.83
13978,2.33
13979,8.04
13980,0.83
13981,3.08
13982,9.54
13983,2.76
13984,5.49
13985,5.98
13986,4.41
13987,3.33
13988,5.6
13989,9.67
13990,5.45
13991,2.97
13992,7.0
13993,6.39
13994,6.36
13995,6.87
13996,3.47
13997,6.47
13998,3.78
13999,3.93
14000,5.86
14001,4.04
14002,7.09
14003,2.82
14004,3.64
14005,2.02
14006,8.61
14007,4.13
14008,4.95
14009,-2.17
14010,3.9
14011,1.71
14012,4.99
14013,2.28
14014,3.0
14015,6.09
14016,3.45
14017,3.84
14018,7.26
14019,4.05
14020,5.61
14021,5.47
14022,2.11
14023,3.51
14024,3.66
14025,4.16
14026,7.92
14027,7.45
14028,1.99
14029,7.25
14030,3.86
14031,4.65
14032,4.83
14033,4.4
14034,2.32
14035,1.75
14036,5.06
14037,1.0
14038,4.82
14039,7.1
14040,5.53
14041,3.68
14042,1.91
14043,5.0
14044,5.22
14045,6.75
14046,6.72
14047,4.22
14048,5.8
14049,6.0
14050,4.01
14051,5.75
14052,3.87
14053,11.36
14054,8.33
14055,4.49
14056,6.48
14057,6.86
14058,7.22
14059,3.04
14060,3.88
14061,5.34
14062,2.66
14063,5.12
14064,3.74
14065,5.5
14066,5.97
14067,4.74
14068,3.7
14069,5.79
14070,4.94
14071,5.28
14072,7.45
14073,6.26
14074,6.37
14075,3.71
14076,2.31
14077,1.67
14078,6.02
14079,6.07
14080,5.07
14081,0.94
14082,2.84
14083,4.01
14084,7.88
14085,7.72
14086,5.4
14087,2.01
14088,5.77
14089,3.87
14090,5.61
14091,2.83
14092,4.63
14093,8.53
14094,6.55
14095,6.59
14096,4.88
14097,2.96
14098,7.28
14099,6.12
14100,3.64
14101,3.55
14102,8.76
14103,8.58
14104,10.07
14105,4.9
14106,6.25
14107,3.69
14108,5.58
14109,1.27
14110,4.93
14111,6.71
14112,4.15
14113,2.99
14114,2.97
14115,7.74
14116,5.24
14117,2.17
14118,1.12
14119,5.59
14120,1.46
14121,3.5
14122,11.56
14123,7.77
14124,6.42
14125,4.08
14126,3.21
14127,0.83
14128,5.85
14129,2.61
14130,5.95
14131,4.27
14132,1.01
14133,2.67
14134,3.06
14135,5.66
14136,6.88
14137,2.96
14138,5.44
14139,5.85
14140,5.34
14141,2.65
14142,5.95
14143,5.64
14144,2.34
14145,7.64
14146,6.97
14147,5.52
14148,3.02
14149,7.1
14150,5.07
14151,6.06
14152,6.32
14153,6.99
14154,5.85
14155,3.5
14156,5.8
14157,6.28
14158,5.66
14159,5.01
14160,2.26
14161,9.03
14162,4.51
14163,8.81
14164,6.86
14165,5.95
14166,5.25
14167,5.67
14168,2.76
14169,4.8
14170,4.18
14171,7.25
14172,7.83
14173,1.44
14174,3.34
14175,3.7
14176,1.79
14177,2.43
14178,3.69
14179,3.82
14180,3.01
14181,7.48
14182,3.27
14183,4.62
14184,6.78
14185,6.07
14186,4.74
14187,3.89
14188,8.34
14189,3.77
14190,8.2
14191,1.01
14192,5.82
14193,2.64
14194,4.73
14195,5.65
14196,3.86
14197,6.27
14198,9.08
14199,3.71
14200,7.59
14201,5.51
14202,6.72
14203,2.44
14204,2.63
14205,7.16
14206,6.24
14207,4.01
14208,4.48
14209,5.46
14210,5.37
14211,2.18
14212,7.54
14213,4.88
14214,1.57
14215,4.5
14216,1.13
14217,4.69
14218,2.05
14219,2.32
14220,5.69
14221,6.74
14222,4.59
14223,2.94
14224,4.23
14225,3.83
14226,3.49
14227,4.97
14228,7.7
14229,6.58
14230,6.81
14231,5.39
14232,4.01
14233,2.37
14234,7.89
14235,5.17
14236,6.63
14237,1.53
14238,2.93
14239,5.54
14240,8.48
14241,3.54
14242,4.56
14243,2.33
14244,5.57
14245,1.32
14246,6.96
14247,5.53
14248,3.1
14249,8.59
14250,0.07
14251,4.46
14252,4.08
14253,0.84
14254,5.72
14255,4.13
14256,5.03
14257,4.32
14258,0.26
14259,2.63
14260,6.22
14261,6.37
14262,7.96
14263,2.35
14264,5.51
14265,1.44
14266,6.36
14267,4.85
14268,8.83
14269,1.59
14270,5.61
14271,6.01
14272,8.98
14273,1.84
14274,6.94
14275,5.9
14276,8.67
14277,3.13
14278,2.62
14279,5.6
14280,4.98
14281,3.76
14282,5.81
14283,5.62
14284,4.53
14285,5.43
14286,5.96
14287,5.73
14288,4.52
14289,4.38
14290,0.64
14291,8.75
14292,3.84
14293,4.24
14294,3.61
14295,5.21
14296,0.54
14297,5.49
14298,2.84
14299,9.7
14300,3.21
14301,2.51
14302,5.2
14303,2.15
14304,3.27
14305,6.1
14306,4.66
14307,4.7
14308,7.41
14309,6.33
14310,4.67
14311,4.58
14312,4.96
14313,4.04
14314,3.65
14315,7.12
14316,6.16
14317,4.4
14318,7.83
14319,3.81
14320,3.69
14321,2.06
14322,3.88
14323,4.22
14324,3.42
14325,4.09
14326,4.62
14327,1.59
14328,1.91
14329,7.82
14330,7.58
14331,4.46
14332,2.01
14333,3.89
14334,6.25
14335,8.15
14336,4.1
14337,5.94
14338,0.45
14339,3.95
14340,2.8
14341,0.95
14342,2.2
14343,6.46
14344,2.84
14345,4.55
14346,6.45
14347,7.72
14348,1.42
14349,3.63
14350,4.95
14351,6.04
14352,6.26
14353,6.98
14354,2.81
14355,7.12
14356,3.68
14357,4.14
14358,7.22
14359,5.0
14360,4.82
14361,6.84
14362,5.96
14363,3.24
14364,4.11
14365,6.01
14366,6.31
14367,4.46
14368,3.72
14369,5.92
14370,5.32
14371,1.92
14372,2.96
14373,9.17
14374,1.11
14375,3.96
14376,6.87
14377,4.52
14378,4.34
14379,6.99
14380,6.95
14381,4.79
14382,7.98
14383,3.45
14384,2.3
14385,0.86
14386,4.92
14387,2.86
14388,5.2
14389,3.5
14390,6.73
14391,6.0
14392,4.91
14393,2.74
14394,4.38
14395,8.03
14396,5.63
14397,3.64
14398,3.66
14399,1.82
14400,7.46
14401,2.25
14402,4.22
14403,5.95
14404,6.98
14405,1.96
14406,4.97
14407,5.28
14408,3.43
14409,7.06
14410,4.51
14411,1.83
14412,3.91
14413,2.88
14414,5.56
14415,4.72
14416,3.49
14417,4.34
14418,4.04
14419,6.87
14420,5.01
14421,4.42
14422,7.55
14423,4.09
14424,4.06
14425,2.17
14426,4.66
14427,2.07
14428,3.68
14429,7.93
14430,5.22
14431,10.08
14432,5.93
14433,4.01
14434,5.35
14435,2.48
14436,5.24
14437,6.98
14438,5.66
14439,2.93
14440,6.99
14441,5.66
14442,2.13
14443,4.52
14444,0.2
14445,5.43
14446,6.34
14447,8.94
14448,1.21
14449,6.2
14450,4.86
14451,7.61
14452,3.19
14453,7.66
14454,4.21
14455,1.51
14456,2.49
14457,3.09
14458,4.98
14459,4.48
14460,4.13
14461,8.91
14462,3.53
14463,5.47
14464,5.52
14465,4.45
14466,5.22
14467,3.9
14468,2.43
14469,7.66
14470,1.36
14471,6.81
14472,-0.03
14473,7.51
14474,0.34
14475,5.84
14476,5.07
14477,4.49
14478,1.48
14479,7.08
14480,1.92
14481,6.49
14482,5.56
14483,4.3
14484,4.76
14485,3.13
14486,5.31
14487,5.11
14488,6.15
14489,6.86
14490,2.82
14491,3.72
14492,7.1
14493,2.7
14494,2.82
14495,6.17
14496,8.41
14497,5.16
14498,7.12
14499,4.32
14500,6.69
14501,7.74
14502,8.53
14503,6.83
14504,5.14
14505,5.47
14506,5.55
14507,3.95
14508,4.77
14509,5.85
14510,2.13
14511,5.31
14512,9.25
14513,6.25
14514,9.22
14515,5.33
14516,6.3
14517,7.83
14518,4.25
14519,4.58
14520,4.36
14521,7.42
14522,1.56
14523,6.14
14524,0.14
14525,6.33
14526,2.21
14527,3.87
14528,3.11
14529,5.39
14530,7.32
14531,8.38
14532,3.38
14533,1.81
14534,3.47
14535,5.81
14536,5.71
14537,7.18
14538,5.65
14539,2.29
14540,10.34
14541,6.08
14542,5.42
14543,8.14
14544,5.43
14545,6.56
14546,6.97
14547,7.85
14548,3.98
14549,3.66
14550,7.97
14551,8.75
14552,6.46
14553,6.33
14554,5.2
14555,5.74
14556,1.65
14557,4.36
14558,3.96
14559,2.35
14560,2.33
14561,9.98
14562,6.05
14563,4.51
14564,6.0
14565,7.97
14566,7.01
14567,6.64
14568,1.44
14569,5.58
14570,5.55
14571,4.41
14572,3.91
14573,4.0
14574,3.99
14575,9.67
14576,5.15
14577,4.88
14578,7.02
14579,2.76
14580,6.03
14581,4.84
14582,8.48
14583,4.93
14584,7.55
14585,5.41
14586,7.85
14587,6.71
14588,4.96
14589,6.21
14590,6.17
14591,5.55
14592,4.37
14593,5.52
14594,4.95
14595,6.23
14596,6.1
14597,4.06
14598,3.35
14599,3.29
14600,3.91
14601,0.79
14602,5.5
14603,1.4
14604,-0.64
14605,3.55
14606,4.22
14607,1.43
14608,6.13
14609,4.35
14610,3.52
14611,9.26
14612,3.52
14613,3.4
14614,1.88
14615,6.95
14616,4.92
14617,4.9
14618,2.78
14619,6.31
14620,5.99
14621,5.74
14622,5.8
14623,5.8
14624,1.97
14625,6.21
14626,7.05
14627,4.06
14628,6.69
14629,4.32
14630,5.4
14631,5.5
14632,5.41
14633,4.53
14634,6.86
14635,6.68
14636,6.35
14637,6.7
14638,5.76
14639,4.22
14640,2.22
14641,3.9
14642,1.93
14643,0.05
14644,3.88
14645,3.69
14646,9.23
14647,7.54
14648,4.57
14649,1.91
14650,9.3
14651,5.31
14652,5.7
14653,4.97
14654,5.05
14655,5.74
14656,7.64
14657,4.88
14658,6.06
14659,10.48
14660,5.18
14661,2.48
14662,6.43
14663,2.1
14664,8.4
14665,6.45
14666,7.33
14667,5.49
14668,2.91
14669,4.22
14670,6.32
14671,5.41
14672,3.5
14673,7.05
14674,8.22
14675,2.4
14676,6.49
14677,4.77
14678,4.6
14679,2.64
14680,6.49
14681,5.33
14682,5.08
14683,7.57
14684,7.17
14685,10.76
14686,3.0
14687,5.44
14688,5.25
14689,6.03
14690,5.1
14691,6.22
14692,5.99
14693,4.54
14694,3.0
14695,7.45
14696,5.42
14697,2.88
14698,3.51
14699,3.34
14700,-0.9
14701,4.15
14702,3.31
14703,3.73
14704,5.72
14705,3.58
14706,2.0
14707,4.17
14708,3.5
14709,2.41
14710,4.31
14711,2.83
14712,3.99
14713,6.22
14714,4.46
14715,5.56
14716,8.15
14717,7.58
14718,5.44
14719,5.05
14720,7.28
14721,2.78
14722,2.87
14723,5.27
14724,6.86
14725,7.49
14726,5.98
14727,6.55
14728,6.04
14729,3.36
14730,6.26
14731,1.52
14732,3.8
14733,-2.77
14734,3.12
14735,5.82
14736,5.45
14737,3.13
14738,5.49
14739,6.31
14740,3.45
14741,2.31
14742,6.01
14743,3.33
14744,5.36
14745,3.99
14746,7.9
14747,4.57
14748,8.22
14749,5.13
14750,7.81
14751,6.22
14752,6.0
14753,5.07
14754,7.89
14755,6.2
14756,3.16
14757,3.58
14758,4.28
14759,2.68
14760,2.79
14761,2.15
14762,7.4
14763,6.08
14764,6.69
14765,2.69
14766,3.71
14767,5.31
14768,7.18
14769,4.66
14770,5.21
14771,5.24
14772,6.88
14773,3.77
14774,9.48
14775,5.65
14776,3.2
14777,2.74
14778,3.22
14779,6.1
14780,4.36
14781,4.9
14782,6.68
14783,4.65
14784,4.71
14785,3.95
14786,5.5
14787,9.2
14788,5.69
14789,6.4
14790,6.73
14791,5.51
14792,6.04
14793,7.66
14794,3.4
14795,3.71
14796,2.37
14797,3.5
14798,7.53
14799,7.73
14800,5.42
14801,4.86
14802,6.82
14803,4.17
14804,5.54
14805,5.61
14806,6.7
14807,6.25
14808,7.06
14809,6.63
14810,5.15
14811,6.04
14812,6.8
14813,3.19
14814,5.21
14815,7.27
14816,6.01
14817,4.42
14818,2.94
14819,5.23
14820,3.14
14821,8.19
14822,2.53
14823,7.27
14824,4.21
14825,6.99
14826,6.65
14827,4.73
14828,1.76
14829,5.97
14830,2.78
14831,1.15
14832,5.35
14833,8.74
14834,-0.11
14835,5.77
14836,10.16
14837,2.26
14838,3.29
14839,8.52
14840,4.45
14841,3.53
14842,3.83
14843,2.85
14844,3.6
14845,4.63
14846,6.02
14847,5.98
14848,5.51
14849,5.2
14850,5.45
14851,7.07
14852,5.1
14853,-0.84
14854,6.41
14855,5.75
14856,4.57
14857,7.26
14858,7.68
14859,8.32
14860,6.89
14861,8.34
14862,2.58
14863,9.89
14864,5.54
14865,5.99
14866,4.24
14867,4.15
14868,5.52
14869,3.84
14870,2.25
14871,5.11
14872,7.97
14873,7.14
14874,5.42
14875,5.24
14876,6.92
14877,7.42
14878,3.93
14879,6.64
14880,2.56
14881,1.36
14882,5.37
14883,4.7
14884,4.65
14885,2.13
14886,6.28
14887,4.56
14888,7.66
14889,2.38
14890,2.88
14891,7.21
14892,8.4
14893,6.22
14894,7.79
14895,6.57
14896,6.57
14897,4.98
14898,5.02
14899,5.26
14900,4.58
14901,5.32
14902,10.03
14903,8.31
14904,4.3
14905,7.74
14906,9.41
14907,8.39
14908,7.82
14909,3.87
14910,7.56
14911,5.47
14912,6.99
14913,5.25
14914,5.43
14915,4.57
14916,4.6
14917,3.77
14918,5.82
14919,7.04
14920,4.29
14921,8.42
14922,5.45
14923,5.02
14924,4.27
14925,7.34
14926,6.79
14927,5.95
14928,5.85
14929,6.34
14930,8.71
14931,4.83
14932,5.64
14933,3.13
14934,5.35
14935,5.47
14936,5.91
14937,7.69
14938,5.4
14939,2.69
14940,6.55
14941,7.43
14942,5.62
14943,3.14
14944,2.32
14945,6.0
14946,3.4
14947,2.91
14948,3.75
14949,3.45
14950,5.16
14951,5.58
14952,4.34
14953,6.88
14954,6.74
14955,4.38
14956,3.62
14957,5.39
14958,6.61
14959,3.94
14960,3.48
14961,4.4
14962,1.57
14963,9.79
14964,2.15
14965,3.22
14966,3.37
14967,5.94
14968,6.57
14969,3.43
14970,5.42
14971,4.22
14972,3.84
14973,5.39
14974,3.24
14975,3.52
14976,9.11
14977,2.21
14978,5.3
14979,6.92
14980,3.67
14981,5.21
14982,2.59
14983,1.8
14984,4.87
14985,6.56
14986,4.63
14987,4.23
14988,3.55
14989,5.91
14990,2.13
14991,5.51
14992,6.33
14993,5.57
14994,6.05
14995,6.94
14996,7.02
14997,5.67
14998,3.79
14999,5.99
15000,6.35
15001,5.57
15002,7.14
15003,4.36
15004,6.01
15005,2.85
15006,5.88
15007,3.24
15008,2.63
15009,7.64
15010,6.9
15011,7.75
15012,7.59
15013,4.12
15014,7.63
15015,7.59
15016,3.11
15017,4.78
15018,6.34
15019,2.27
15020,1.32
15021,6.02
15022,2.01
15023,2.31
15024,0.73
15025,4.39
15026,7.66
15027,2.8
15028,3.39
15029,3.13
15030,7.0
15031,6.04
15032,4.61
15033,5.12
15034,5.32
15035,6.22
15036,4.83
15037,4.55
15038,7.05
15039,4.38
15040,5.85
15041,3.82
15042,6.35
15043,2.81
15044,1.82
15045,4.53
15046,5.59
15047,3.92
15048,4.57
15049,6.23
15050,4.97
15051,2.48
15052,5.0
15053,6.99
15054,2.55
15055,5.57
15056,4.43
15057,6.27
15058,2.55
15059,7.47
15060,4.22
15061,3.0
15062,1.82
15063,3.88
15064,5.06
15065,6.82
15066,4.76
15067,6.8
15068,8.05
15069,3.13
15070,6.08
15071,6.22
15072,5.95
15073,7.09
15074,4.6
15075,3.93
15076,5.58
15077,4.53
15078,5.86
15079,3.36
15080,0.75
15081,-1.22
15082,8.77
15083,5.28
15084,4.3
15085,6.6
15086,3.46
15087,1.44
15088,5.39
15089,5.61
15090,1.35
15091,5.34
15092,9.29
15093,5.32
15094,9.06
15095,7.48
15096,2.85
15097,7.59
15098,4.91
15099,7.2
15100,3.5
15101,6.24
15102,5.64
15103,2.93
15104,1.39
15105,2.61
15106,10.4
15107,3.8
15108,4.99
15109,2.21
15110,5.49
15111,6.41
15112,4.57
15113,5.09
15114,3.07
15115,3.21
15116,4.98
15117,6.92
15118,6.37
15119,3.88
15120,1.14
15121,5.09
15122,3.37
15123,4.81
15124,4.52
15125,4.66
15126,5.8
15127,8.2
15128,7.72
15129,1.97
15130,1.73
15131,1.89
15132,5.57
15133,3.02
15134,5.39
15135,4.53
15136,4.84
15137,4.61
15138,4.01
15139,5.09
15140,4.18
15141,4.76
15142,4.6
15143,4.59
15144,7.01
15145,6.59
15146,2.1
15147,6.29
15148,6.26
15149,4.42
15150,3.46
15151,3.4
15152,5.29
15153,7.8
15154,6.02
15155,1.24
15156,5.01
15157,1.05
15158,8.94
15159,4.09
15160,6.51
15161,5.02
15162,3.19
15163,7.32
15164,2.41
15165,1.91
15166,4.7
15167,5.87
15168,4.05
15169,10.49
15170,3.53
15171,8.59
15172,5.22
15173,5.71
15174,6.45
15175,7.02
15176,5.42
15177,1.92
15178,6.07
15179,7.58
15180,8.8
15181,6.28
15182,5.63
15183,5.04
15184,4.45
15185,2.31
15186,5.39
15187,0.96
15188,6.57
15189,6.49
15190,6.27
15191,6.45
15192,7.1
15193,8.26
15194,4.12
15195,0.95
15196,3.45
15197,4.99
15198,-1.78
15199,5.36
15200,1.47
15201,1.95
15202,2.96
15203,5.38
15204,4.55
15205,3.56
15206,4.69
15207,5.43
15208,5.64
15209,3.93
15210,2.81
15211,6.81
15212,2.74
15213,3.68
15214,4.08
15215,5.16
15216,7.3
15217,4.86
15218,4.78
15219,4.71
15220,5.51
15221,4.59
15222,6.05
15223,4.13
15224,7.13
15225,9.37
15226,5.48
15227,3.16
15228,5.41
15229,4.06
15230,4.8
15231,5.62
15232,7.86
15233,7.86
15234,5.87
15235,2.83
15236,2.4
15237,6.13
15238,4.38
15239,3.62
15240,8.45
15241,2.27
15242,6.69
15243,3.91
15244,6.82
15245,2.71
15246,6.92
15247,2.66
15248,2.81
15249,5.3
15250,4.83
15251,3.56
15252,7.4
15253,3.97
15254,1.1
15255,5.96
15256,3.63
15257,8.33
15258,3.77
15259,5.65
15260,3.26
15261,8.12
15262,2.59
15263,11.4
15264,3.14
15265,7.69
15266,1.16
15267,2.25
15268,-0.47
15269,5.45
15270,4.66
15271,7.82
15272,1.23
15273,6.55
15274,1.79
15275,2.72
15276,0.9
15277,5.26
15278,3.37
15279,4.59
15280,6.99
15281,5.02
15282,5.03
15283,3.04
15284,2.17
15285,5.68
15286,5.39
15287,1.03
15288,6.26
15289,3.18
15290,5.45
15291,5.05
15292,0.71
15293,4.36
15294,3.42
15295,4.61
15296,10.46
15297,5.95
15298,1.66
15299,5.48
15300,5.33
15301,3.47
15302,2.72
15303,8.21
15304,5.77
15305,7.58
15306,4.85
15307,5.83
15308,8.35
15309,8.17
15310,2.97
15311,6.11
15312,4.02
15313,3.03
15314,5.85
15315,4.08
15316,3.41
15317,6.75
15318,7.7
15319,4.61
15320,5.74
15321,6.83
15322,3.65
15323,5.81
15324,4.83
15325,4.52
15326,7.15
15327,2.94
15328,2.55
15329,4.4
15330,3.89
15331,5.73
15332,7.09
15333,5.35
15334,3.57
15335,3.6
15336,1.92
15337,5.1
15338,5.38
15339,8.49
15340,4.29
15341,2.94
15342,1.01
15343,6.49
15344,-0.09
15345,8.72
15346,4.77
15347,7.06
15348,2.79
15349,5.62
15350,6.07
15351,4.82
15352,4.52
15353,10.34
15354,1.62
15355,3.75
15356,5.38
15357,4.29
15358,8.31
15359,4.39
15360,4.64
15361,0.32
15362,4.43
15363,7.8
15364,4.9
15365,9.04
15366,4.64
15367,2.22
15368,1.95
15369,4.7
15370,4.67
15371,6.43
15372,7.91
15373,4.39
15374,3.39
15375,6.79
15376,6.3
15377,7.31
15378,8.03
15379,6.02
15380,3.19
15381,8.98
15382,5.33
15383,1.11
15384,-0.28
15385,5.27
15386,6.51
15387,6.63
15388,5.13
15389,4.77
15390,6.27
15391,3.99
15392,4.65
15393,5.43
15394,4.98
15395,4.23
15396,3.86
15397,4.09
15398,5.89
15399,5.55
15400,2.56
15401,4.39
15402,1.59
15403,4.22
15404,4.46
15405,7.82
15406,3.67
15407,5.22
15408,3.67
15409,5.76
15410,5.73
15411,4.52
15412,6.02
15413,4.13
15414,1.19
15415,2.31
15416,5.02
15417,8.18
15418,4.29
15419,2.76
15420,5.57
15421,5.19
15422,6.96
15423,5.03
15424,10.1
15425,3.98
15426,4.12
15427,3.47
15428,3.85
15429,3.73
15430,6.11
15431,4.86
15432,4.46
15433,4.33
15434,3.55
15435,4.25
15436,5.57
15437,3.74
15438,3.46
15439,3.57
15440,5.46
15441,4.3
15442,4.17
15443,5.0
15444,6.51
15445,6.46
15446,8.03
15447,3.04
15448,6.4
15449,3.05
15450,5.11
15451,3.99
15452,3.23
15453,1.91
15454,4.36
15455,6.74
15456,1.73
15457,3.57
15458,2.19
15459,3.07
15460,3.35
15461,4.06
15462,4.37
15463,4.3
15464,7.29
15465,3.99
15466,5.0
15467,3.66
15468,4.27
15469,5.37
15470,1.15
15471,7.06
15472,5.39
15473,7.59
15474,6.04
15475,7.05
15476,5.41
15477,2.09
15478,7.03
15479,8.4
15480,4.92
15481,2.82
15482,4.63
15483,3.93
15484,7.5
15485,3.69
15486,6.62
15487,3.93
15488,1.92
15489,6.46
15490,5.21
15491,3.67
15492,2.63
15493,5.3
15494,7.14
15495,1.18
15496,6.53
15497,4.13
15498,6.19
15499,8.87
15500,5.74
15501,3.53
15502,6.49
15503,5.52
15504,4.59
15505,6.2
15506,6.98
15507,4.77
15508,4.65
15509,4.55
15510,-1.4
15511,2.0
15512,4.65
15513,4.18
15514,7.88
15515,6.6
15516,2.47
15517,3.18
15518,4.94
15519,5.05
15520,3.91
15521,2.71
15522,3.86
15523,5.89
15524,6.45
15525,8.09
15526,5.26
15527,3.0
15528,5.26
15529,9.15
15530,4.0
15531,3.68
15532,4.74
15533,4.92
15534,5.27
15535,6.31
15536,3.34
15537,4.46
15538,7.33
15539,3.42
15540,2.44
15541,1.46
15542,3.2
15543,7.01
15544,1.62
15545,6.35
15546,0.97
15547,6.84
15548,7.54
15549,4.75
15550,3.52
15551,5.65
15552,1.99
15553,4.29
15554,6.45
15555,2.07
15556,1.71
15557,7.61
15558,4.35
15559,3.0
15560,2.43
15561,5.5
15562,7.05
15563,8.88
15564,1.16
15565,4.05
15566,7.29
15567,4.99
15568,5.07
15569,2.9
15570,7.35
15571,5.71
15572,0.44
15573,-0.43
15574,5.43
15575,1.92
15576,6.34
15577,2.92
15578,6.07
15579,3.84
15580,4.21
15581,5.34
15582,3.63
15583,4.68
15584,5.23
15585,4.86
15586,4.48
15587,2.54
15588,7.24
15589,4.2
15590,6.52
15591,5.87
15592,4.83
15593,4.42
15594,4.27
15595,6.13
15596,4.57
15597,12.75
15598,0.99
15599,2.6
15600,9.13
15601,6.5
15602,3.07
15603,7.28
15604,4.25
15605,1.18
15606,6.63
15607,5.43
15608,6.94
15609,3.22
15610,5.59
15611,6.34
15612,3.15
15613,5.16
15614,4.64
15615,6.15
15616,7.2
15617,5.2
15618,7.9
15619,5.42
15620,5.53
15621,2.51
15622,6.76
15623,1.34
15624,6.68
15625,1.73
15626,4.22
15627,4.35
15628,3.36
15629,5.72
15630,1.62
15631,3.36
15632,7.97
15633,5.6
15634,8.0
15635,4.35
15636,2.28
15637,7.1
15638,4.89
15639,3.63
15640,6.32
15641,5.44
15642,1.73
15643,7.33
15644,7.44
15645,5.91
15646,8.02
15647,6.6
15648,3.97
15649,1.99
15650,1.04
15651,4.09
15652,6.46
15653,6.72
15654,3.42
15655,7.15
15656,1.93
15657,8.41
15658,6.53
15659,8.52
15660,7.48
15661,3.75
15662,6.04
15663,9.03
15664,2.57
15665,2.84
15666,2.71
15667,6.63
15668,8.09
15669,4.3
15670,1.55
15671,2.36
15672,4.41
15673,5.24
15674,4.65
15675,1.95
15676,4.11
15677,2.38
15678,9.8
15679,3.84
15680,4.24
15681,4.76
15682,2.37
15683,5.97
15684,0.96
15685,2.35
15686,9.82
15687,7.27
15688,4.13
15689,3.5
15690,6.14
15691,6.25
15692,6.97
15693,3.43
15694,5.44
15695,4.84
15696,4.95
15697,4.34
15698,3.06
15699,6.13
15700,8.97
15701,6.45
15702,5.67
15703,6.26
15704,6.89
15705,6.94
15706,5.36
15707,6.95
15708,6.42
15709,5.94
15710,8.33
15711,1.98
15712,5.95
15713,3.53
15714,2.38
15715,8.19
15716,4.55
15717,0.92
15718,1.31
15719,5.48
15720,1.3
15721,4.4
15722,4.69
15723,6.88
15724,6.14
15725,2.22
15726,2.98
15727,4.72
15728,5.11
15729,4.98
15730,4.31
15731,6.27
15732,5.69
15733,5.32
15734,4.6
15735,6.59
15736,6.04
15737,3.12
15738,5.58
15739,4.65
15740,5.84
15741,6.55
15742,6.3
15743,4.5
15744,8.27
15745,5.27
15746,6.52
15747,6.67
15748,2.25
15749,2.93
15750,5.09
15751,5.17
15752,5.83
15753,6.19
15754,5.15
15755,6.5
15756,5.58
15757,6.04
15758,9.3
15759,5.07
15760,4.72
15761,6.09
15762,6.27
15763,2.58
15764,1.94
15765,1.68
15766,4.21
15767,6.07
15768,5.4
15769,9.15
15770,6.12
15771,3.92
15772,6.7
15773,7.72
15774,4.27
15775,6.61
15776,9.06
15777,7.69
15778,8.8
15779,5.27
15780,5.98
15781,0.02
15782,4.79
15783,5.1
15784,9.15
15785,5.31
15786,5.48
15787,4.55
15788,5.32
15789,2.69
15790,3.76
15791,4.81
15792,4.57
15793,1.9
15794,2.5
15795,3.09
15796,7.17
15797,6.96
15798,4.42
15799,8.59
15800,1.83
15801,1.94
15802,4.68
15803,6.14
15804,5.27
15805,7.67
15806,7.81
15807,0.74
15808,9.0
15809,5.21
15810,4.22
15811,8.66
15812,5.91
15813,7.02
15814,5.64
15815,7.22
15816,4.96
15817,3.9
15818,6.53
15819,5.53
15820,10.39
15821,5.24
15822,4.86
15823,6.06
15824,5.7
15825,9.11
15826,5.98
15827,5.36
15828,2.24
15829,3.7
15830,6.89
15831,8.07
15832,5.18
15833,6.63
15834,4.97
15835,4.84
15836,5.44
15837,6.14
15838,7.89
15839,3.7
15840,4.09
15841,5.0
15842,4.61
15843,6.15
15844,4.84
15845,6.14
15846,8.82
15847,7.29
15848,2.87
15849,7.68
15850,2.27
15851,7.24
15852,5.63
15853,2.81
15854,3.64
15855,3.11
15856,3.7
15857,3.49
15858,4.69
15859,4.66
15860,4.53
15861,3.04
15862,5.11
15863,9.07
15864,4.33
15865,3.41
15866,5.3
15867,6.54
15868,9.24
15869,5.35
15870,4.33
15871,5.75
15872,7.15
15873,1.99
15874,4.76
15875,3.69
15876,8.91
15877,3.37
15878,5.76
15879,4.42
15880,8.44
15881,6.04
15882,5.2
15883,2.65
15884,5.15
15885,4.51
15886,3.31
15887,7.31
15888,6.21
15889,4.16
15890,7.09
15891,6.27
15892,2.99
15893,4.02
15894,9.29
15895,8.53
15896,3.83
15897,6.67
15898,5.34
15899,4.14
15900,7.15
15901,5.95
15902,4.75
15903,6.78
15904,5.06
15905,2.06
15906,2.75
15907,6.45
15908,4.95
15909,8.11
15910,5.91
15911,8.25
15912,4.32
15913,5.49
15914,5.98
15915,4.59
15916,4.12
15917,1.01
15918,2.39
15919,5.76
15920,9.69
15921,4.96
15922,7.41
15923,7.65
15924,6.22
15925,4.68
15926,6.14
15927,3.93
15928,2.94
15929,5.97
15930,4.91
15931,6.92
15932,3.26
15933,3.53
15934,6.21
15935,6.51
15936,6.95
15937,2.52
15938,7.42
15939,6.31
15940,7.41
15941,5.87
15942,4.6
15943,6.17
15944,4.93
15945,5.69
15946,4.8
15947,5.17
15948,2.53
15949,3.2
15950,8.38
15951,5.64
15952,4.63
15953,3.35
15954,8.19
15955,5.33
15956,7.25
15957,7.14
15958,2.54
15959,4.5
15960,5.82
15961,4.73
15962,6.69
15963,2.59
15964,3.24
15965,6.89
15966,4.95
15967,5.37
15968,5.36
15969,6.32
15970,3.12
15971,9.18
15972,8.99
15973,6.24
15974,5.0
15975,2.17
15976,5.74
15977,5.93
15978,1.33
15979,3.6
15980,4.98
15981,5.61
15982,3.09
15983,5.88
15984,4.6
15985,7.78
15986,2.61
15987,-1.18
15988,6.28
15989,1.88
15990,6.85
15991,5.27
15992,5.38
15993,4.49
15994,-0.5
15995,2.02
15996,8.01
15997,6.44
15998,6.19
15999,3.39
16000,5.93
16001,4.36
16002,3.13
16003,6.43
16004,1.19
16005,5.3
16006,2.06
16007,3.65
16008,5.77
16009,2.81
16010,2.29
16011,4.81
16012,2.11
16013,4.19
16014,3.14
16015,8.09
16016,5.49
16017,4.04
16018,5.21
16019,4.65
16020,4.08
16021,6.16
16022,6.4
16023,5.88
16024,6.34
16025,3.72
16026,3.31
16027,3.37
16028,7.61
16029,6.26
16030,7.57
16031,6.69
16032,2.58
16033,5.8
16034,6.43
16035,4.86
16036,5.21
16037,4.98
16038,1.89
16039,7.16
16040,5.7
16041,3.36
16042,2.28
16043,9.36
16044,4.7
16045,4.07
16046,2.01
16047,3.18
16048,7.98
16049,7.41
16050,3.83
16051,2.83
16052,8.57
16053,4.33
16054,3.57
16055,6.0
16056,3.76
16057,5.76
16058,1.48
16059,5.03
16060,3.81
16061,6.62
16062,6.14
16063,3.27
16064,2.37
16065,2.71
16066,6.22
16067,1.17
16068,1.48
16069,8.98
16070,3.38
16071,5.48
16072,6.12
16073,8.28
16074,6.84
16075,7.29
16076,8.48
16077,5.25
16078,2.48
16079,7.02
16080,4.59
16081,5.67
16082,4.77
16083,0.21
16084,4.86
16085,3.9
16086,7.69
16087,6.84
16088,3.26
16089,5.68
16090,5.72
16091,8.46
16092,5.73
16093,4.44
16094,6.35
16095,5.21
16096,3.42
16097,9.29
16098,5.07
16099,6.31
16100,3.54
16101,7.02
16102,6.43
16103,5.86
16104,5.12
16105,6.07
16106,2.44
16107,5.58
16108,4.17
16109,5.87
16110,5.36
16111,4.1
16112,2.8
16113,6.64
16114,3.38
16115,7.8
16116,5.59
16117,4.53
16118,3.15
16119,4.16
16120,4.22
16121,1.17
16122,4.67
16123,1.57
16124,5.05
16125,6.12
16126,6.69
16127,6.97
16128,1.38
16129,4.16
16130,4.22
16131,7.55
16132,4.26
16133,3.97
16134,5.87
16135,6.87
16136,3.97
16137,6.15
16138,5.76
16139,3.5
16140,4.29
16141,-0.58
16142,6.43
16143,3.97
16144,2.85
16145,3.68
16146,0.07
16147,3.17
16148,4.51
16149,2.7
16150,6.01
16151,8.5
16152,3.01
16153,2.8
16154,7.19
16155,3.74
16156,1.25
16157,3.05
16158,3.52
16159,3.88
16160,8.09
16161,6.48
16162,4.12
16163,6.1
16164,2.13
16165,4.71
16166,4.71
16167,7.87
16168,8.12
16169,4.65
16170,3.11
16171,4.79
16172,2.05
16173,4.29
16174,6.75
16175,3.66
16176,7.93
16177,3.38
16178,3.5
16179,6.65
16180,5.37
16181,2.45
16182,8.07
16183,5.87
16184,7.16
16185,5.55
16186,3.78
16187,-0.76
16188,3.81
16189,4.91
16190,5.3
16191,5.9
16192,5.79
16193,5.98
16194,2.37
16195,8.15
16196,6.86
16197,4.89
16198,12.84
16199,3.15
16200,7.17
16201,3.08
16202,6.41
16203,7.35
16204,4.32
16205,2.7
16206,5.01
16207,3.73
16208,4.18
16209,4.39
16210,3.4
16211,4.65
16212,8.13
16213,3.26
16214,-0.12
16215,4.07
16216,4.92
16217,4.94
16218,6.23
16219,2.72
16220,5.17
16221,8.48
16222,6.21
16223,0.98
16224,4.59
16225,6.13
16226,6.95
16227,5.89
16228,4.25
16229,3.83
16230,2.84
16231,12.77
16232,4.59
16233,4.92
16234,6.81
16235,4.7
16236,4.44
16237,3.07
16238,3.78
16239,3.5
16240,3.97
16241,3.64
16242,4.03
16243,0.69
16244,4.98
16245,4.44
16246,4.0
16247,-0.28
16248,6.73
16249,3.03
16250,3.92
16251,3.97
16252,6.45
16253,6.11
16254,5.14
16255,8.54
16256,2.54
16257,2.71
16258,5.1
16259,3.81
16260,9.2
16261,2.15
16262,9.0
16263,3.38
16264,4.61
16265,3.9
16266,4.65
16267,5.97
16268,7.89
16269,4.71
16270,2.93
16271,4.09
16272,5.33
16273,3.22
16274,4.54
16275,4.95
16276,3.34
16277,2.8
16278,5.04
16279,4.92
16280,7.72
16281,4.03
16282,1.88
16283,8.05
16284,5.9
16285,6.15
16286,4.61
16287,1.38
16288,4.85
16289,6.39
16290,6.3
16291,4.52
16292,7.58
16293,3.49
16294,10.84
16295,6.35
16296,6.08
16297,8.21
16298,0.72
16299,4.59
16300,6.33
16301,8.59
16302,6.57
16303,1.86
16304,4.65
16305,4.75
16306,4.55
16307,-0.34
16308,6.28
16309,2.36
16310,4.22
16311,2.56
16312,-0.49
16313,5.84
16314,6.19
16315,5.51
16316,1.08
16317,3.82
16318,4.78
16319,5.21
16320,-0.2
16321,5.15
16322,3.82
16323,6.88
16324,9.13
16325,3.29
16326,6.45
16327,4.92
16328,3.57
16329,5.23
16330,3.7
16331,4.25
16332,3.78
16333,5.14
16334,6.11
16335,7.58
16336,2.91
16337,4.21
16338,5.62
16339,2.09
16340,2.92
16341,6.08
16342,1.99
16343,3.55
16344,6.87
16345,7.94
16346,3.92
16347,1.96
16348,6.9
16349,2.5
16350,4.99
16351,8.16
16352,7.84
16353,4.83
16354,2.46
16355,7.25
16356,9.8
16357,4.18
16358,3.93
16359,5.6
16360,5.85
16361,6.03
16362,5.61
16363,8.15
16364,7.98
16365,4.05
16366,7.32
16367,4.31
16368,3.86
16369,5.05
16370,6.25
16371,2.13
16372,2.87
16373,8.36
16374,5.05
16375,2.89
16376,7.5
16377,2.85
16378,2.35
16379,4.22
16380,5.38
16381,4.57
16382,5.01
16383,8.07
16384,8.27
16385,9.49
16386,6.73
16387,5.35
16388,6.98
16389,4.71
16390,8.7
16391,5.42
16392,4.18
16393,8.26
16394,7.99
16395,5.35
16396,4.95
16397,3.33
16398,5.15
16399,6.58
16400,2.85
16401,5.14
16402,4.74
16403,6.12
16404,3.14
16405,5.43
16406,7.36
16407,3.31
16408,4.92
16409,1.65
16410,4.64
16411,4.41
16412,10.03
16413,5.85
16414,5.34
16415,7.63
16416,2.54
16417,3.24
16418,4.58
16419,5.85
16420,6.23
16421,7.44
16422,6.29
16423,2.56
16424,5.66
16425,6.28
16426,4.95
16427,5.73
16428,5.26
16429,5.71
16430,2.57
16431,1.93
16432,4.17
16433,4.11
16434,5.38
16435,4.39
16436,5.82
16437,5.58
16438,0.55
16439,4.09
16440,1.46
16441,5.23
16442,5.7
16443,3.34
16444,4.9
16445,2.22
16446,6.0
16447,4.0
16448,1.14
16449,4.17
16450,3.37
16451,2.39
16452,3.53
16453,5.53
16454,1.43
16455,7.31
16456,10.29
16457,3.29
16458,5.1
16459,5.21
16460,4.13
16461,6.04
16462,6.0
16463,6.11
16464,6.98
16465,4.23
16466,7.63
16467,4.51
16468,6.15
16469,6.4
16470,6.92
16471,5.24
16472,1.89
16473,3.08
16474,4.5
16475,2.09
16476,3.1
16477,4.86
16478,2.72
16479,3.86
16480,2.52
16481,3.66
16482,7.27
16483,6.41
16484,6.72
16485,7.74
16486,7.36
16487,5.12
16488,1.69
16489,5.15
16490,5.19
16491,4.04
16492,4.81
16493,2.75
16494,2.06
16495,6.68
16496,7.08
16497,3.9
16498,5.22
16499,4.64
16500,1.67
16501,3.48
16502,6.45
16503,5.95
16504,6.75
16505,5.7
16506,7.07
16507,3.94
16508,8.1
16509,1.39
16510,6.4
16511,5.27
16512,4.01
16513,6.39
16514,7.08
16515,6.89
16516,5.47
16517,4.97
16518,5.81
16519,5.69
16520,5.84
16521,4.06
16522,2.98
16523,5.56
16524,1.63
16525,7.99
16526,9.87
16527,2.93
16528,0.5
16529,6.31
16530,4.64
16531,7.37
16532,7.11
16533,4.59
16534,2.35
16535,4.53
16536,6.28
16537,5.51
16538,5.35
16539,3.58
16540,5.87
16541,7.91
16542,5.64
16543,5.64
16544,5.49
16545,3.98
16546,2.28
16547,2.32
16548,6.28
16549,5.82
16550,4.56
16551,3.97
16552,4.84
16553,6.48
16554,7.18
16555,7.53
16556,5.72
16557,6.17
16558,6.99
16559,7.75
16560,4.67
16561,3.86
16562,5.39
16563,5.36
16564,3.56
16565,4.25
16566,5.79
16567,2.72
16568,2.44
16569,5.58
16570,5.73
16571,3.66
16572,6.6
16573,3.79
16574,5.01
16575,5.17
16576,6.77
16577,3.53
16578,9.01
16579,4.39
16580,5.46
16581,3.69
16582,5.18
16583,2.24
16584,2.46
16585,3.85
16586,5.76
16587,4.11
16588,6.54
16589,5.0
16590,0.95
16591,5.04
16592,1.86
16593,3.09
16594,6.58
16595,3.37
16596,-0.23
16597,6.83
16598,4.74
16599,4.79
16600,6.25
16601,3.93
16602,4.13
16603,5.6
16604,5.93
16605,3.72
16606,2.6
16607,8.2
16608,2.67
16609,5.12
16610,2.28
16611,5.47
16612,5.61
16613,8.83
16614,5.39
16615,5.5
16616,4.18
16617,8.12
16618,0.38
16619,2.13
16620,5.83
16621,6.07
16622,5.0
16623,5.82
16624,7.97
16625,0.73
16626,5.69
16627,7.63
16628,5.43
16629,5.48
16630,4.35
16631,3.37
16632,2.05
16633,4.95
16634,4.78
16635,4.79
16636,5.42
16637,5.84
16638,5.28
16639,3.79
16640,6.31
16641,6.71
16642,7.83
16643,4.23
16644,4.62
16645,4.38
16646,2.2
16647,5.86
16648,4.21
16649,5.11
16650,4.61
16651,5.65
16652,4.46
16653,6.42
16654,1.95
16655,3.83
16656,6.14
16657,3.4
16658,4.13
16659,5.22
16660,5.5
16661,3.73
16662,3.94
16663,7.52
16664,-0.01
16665,7.61
16666,5.21
16667,4.36
16668,3.56
16669,3.68
16670,3.66
16671,6.22
16672,6.71
16673,3.45
16674,5.24
16675,4.67
16676,3.75
16677,5.78
16678,4.66
16679,1.2
16680,6.61
16681,3.87
16682,4.24
16683,3.52
16684,3.48
16685,5.7
16686,5.98
16687,5.82
16688,5.97
16689,3.25
16690,4.44
16691,2.67
16692,7.28
16693,5.22
16694,5.58
16695,1.46
16696,5.81
16697,6.68
16698,7.51
16699,6.8
16700,4.36
16701,4.44
16702,6.32
16703,5.76
16704,3.46
16705,4.38
16706,5.95
16707,3.57
16708,4.42
16709,2.62
16710,2.45
16711,1.63
16712,6.08
16713,7.38
16714,7.71
16715,5.62
16716,7.84
16717,5.64
16718,5.43
